Kode_Wisata,Tipe_Wisata,Nama_Wisata,Kode_Kabkot,Kode_Kec,Kode_Kel,Deskripsi,Harga_Tiket,Rating,Alamat
WS00001,Wisata Keagamaan,Masjid Kubah Emas,32.76,32.76.04,32.76.04.1001,"Tempat ibadah umat Islam ini, menjadi salah satu ikon wisata yang indah dan banyak dikunjungi di Kota Depok. Masjid ini mampu menampung sekitar kurang lebih 20.000 jamaah dengan luas 8.000 meter persegi. Kawasan sekitar masjid seringkali disebut sebagai kawasan masjid termegah di Asia Tenggara.",Gratis,"4,7",https://maps.app.goo.gl/JVmBPMjuY46DG4yd8
WS00002,Wisata Alam,Pantai Batu Karas,32.18,32.18.02,32.18.02.2001,"Pantai Batu Karas terkenal dengan ombak yang cukup besar, sehingga tak heran jika pantai ini banyak direkomendasikan komunitas peselancar ombak sebagai arena berselancar yang nyaman jika ingin berwisata di Jawa Barat.",10000/orang,"4,6",https://maps.app.goo.gl/Mwb4kgja3bQdY6Zr6
WS00003,Wisata Alam,Gua Sunyaragi,32.74,32.74.05,32.74.05.1002,"Gua Sunyaragi atau Taman Sari Sunyaragi merupakan sebuah situs bersejarah. Dahulu, Para Sultan menggunakan tempat ini sebagai tempat bermeditasi bagi para anggota kerajaan Keraton Kasepuhan Cirebon serta mengatur taktik perlawanan kepada para penjajah Belanda.",10000/orang,Belum Ada Penilaian,https://maps.app.goo.gl/PCr7T8apWVrwqYdF8
WS00004,Wisata Sejarah,Situs Megalitikum,32.03,32.03.15,32.03.15.2007,Situs Megalitikum Gunung Padang yang ditemukan pada tahun 1914. Bahkan oleh beberapa sejarawan menyebutkan gunung ini sebagai situs tertua di dunia mengalahkan Piramida Gaza di Mesir.,5000/orang,"4,6",https://maps.app.goo.gl/MpcgiZ8q2eqGkBVW9
WS00005,Wisata Air,Curug Cikondang,32.03,32.03.15,32.03.15.2005,"Curug Cikondang punya julukan Niagara Mini, ini muncul karena sekilas, air terjun ini mirip dengan air terjun raksasa Niagara di Amerika Utara. Bentuknya melebar sepanjang 30 meter dengan tinggi 50 meter. Keunikan air terjun ini terdapat pada ciri khas adanya beberapa air terjun kecil sehingga menambah keindahan panorama.",5000/orang,"4,7",https://maps.app.goo.gl/CrMFnvsR4hSfAX9q8
WS00006,Wisata Air,Curug Ibun,32.1,32.10.05,32.10.05.2004,"Dijuluki sebagai Green Canyon versi Majalengka, keindahannya tak bisa dielakkan lagi. Letaknya berada di antara dua tebing tinggi, berpadu dengan keindahan air terjun dan jernihnya aliran sungai.",12000/orang,"4,6",https://maps.app.goo.gl/y99P43m8ADNr2iu48
WS00007,Wisata Alam,Balon Udara,32.13,32.13.29,32.13.29.2002,"Tak perlu jauh-jauh untuk merasakan sensasi menaiki balon udara. Berkunjunglah ke Sari Ater, Subang yang memiliki daya tarik balon udara. Serasa terbang di atas awan, pengunjung bisa menikmati sejuknya udara Subang sekaligus melihat indahnya pemandangan dari ketinggian.",45000/orang,5,https://maps.app.goo.gl/SKZrxWkXcKSdihv67
WS00008,Wisata Air,Telaga Nilem,32.08,32.08.19,32.08.19.2002,"Air di telaga disini berwarna biru kehijauan yang sangat jernih, bahkan pengunjung bisa melihat dasar telaga dan cantiknya ikan-ikan yang sedang berenang. Salah satu ikon yang menjadi magnet bagi wisatawan untuk datang berkunjung adalah sebuah ayunan yang terbuat dari kursi rotan yang tergantung di pohon.",5000-10000/orang,"4,4",https://maps.app.goo.gl/p4gtJb6vr6gjD5oF9
WS00009,Wisata Air,Curug Putri Palutungan,32.08,32.08.18,32.08.18.2009,"Air terjun setinggi 20 meter ini dianggap oleh masyarakat setempat sebagai rumah bidadari. Suasananya masih asri, sehingga wisatawan bisa bersantai di air terjun ini. Pelangi sering terlihat di atas air terjun, membuat pemandangan semakin mengesankan. Hal ini dipercaya sebagai pertanda turunnya bidadari dari surga.",15000-30000/orang,"4,7",https://maps.app.goo.gl/paMUAAKcXNS2niT99
WS00010,Wisata Air,Curug Citambur,32.03,32.03.32,32.03.32.2006,"Air Terjun Citambur bersembunyi di balik bukit kecil, sehingga wisatawan harus berjalan kaki hingga 500 meter di atas bukit. Begitu masuk ke area curug, kamu dapat menikmati pemandangan alam dan danau dengan ribuan ikan air tawar.",10000/orang,"4,5",https://maps.app.goo.gl/FhZAnqyTUaR6YSKk9
WS00011,Wisata Edukasi,Taman Safari,32.01,32.01.25,32.01.25.2003,"Kamu dan si kecil bisa berinteraksi dengan berbagai hewan dengan memberi makan hewan melalui jendela mobil dengan berbagai sayuran. Jangan takut untuk mendekati jendela mobil, karena hewan tidak akan menyerang selama kita memperlakukannya dengan baik.",160000-250000/orang,"4,7",https://maps.app.goo.gl/Cb8v2LmzvTh5zzZaA
WS00012,Wisata Sejarah,Keraton Kesepuhan,32.74,32.74.02,32.74.02.1003,"Komplek Keraton Kasepuhan yang menghadap ke utara ini dikelilingi kuta kosod (susunan bata merah) setinggi 2 meter, tebal 60 cm, dengan pintu keluar masuk di sebelah utara. Tidak hanya menjadi tempat perlindungan budaya, tetapi Keraton Kasepuhan juga menjadi tuan rumah berbagai acara tradisional setiap tahun.",25000/orang,"4,5",https://maps.app.goo.gl/EsVXYtbhShUeszZ57
WS00013,Wisata Alam,Terasering Panyaweuyan,32.1,32.10.05,32.10.05.2012,"Objek wisata ini memanjakan mata karena wisatawan bisa melihat hamparan hijau segar di perbukitan. Kontur tanah berundak ditanami oleh tanaman bawang dan sayuran lainnya, membuat pemandangan menjadi sangat menarik. Udara pegunungan yang sejuk membuat pengunjung ingin tinggal di sana.",5000/orang,"4,7",https://maps.app.goo.gl/gHdWktu5NboToMHW7
WS00014,Wisata Edukasi,Kampung Adat Ciptagelar,32.02,32.02.05,32.02.05.2009,"Selain rumah adat, kamu juga bisa melihat acara adat seperti Upacara Seren Taun di minggu pertama bulan September. Seren Taun adalah tradisi 600 tahun penyerahan hasil panen kepada leuit atau lumbung.",Gratis,"4,7",https://maps.app.goo.gl/F3hU8yAsgEev7qJt9
WS00015,Wisata Keagamaan,Candi Jiwa Batujaya,32.15,32.15.08,32.15.08.2006,"Bangunan ini merupakan peninggalan kerajaan Hindu Buddha dan merupakan candi tertua di Jawa Barat. Candi Jiwa pertama kali ditemukan pada tahun 1984. Mitosnya, banyak hewan mati saat melewati tempat candi itu ditemukan, sehingga masyarakat setempat menganggap daerah itu keramat.",5000/orang,Belum Ada Penilaian,https://maps.app.goo.gl/sGuJrHk6Sk8MhBXB7
WS00016,Wisata Air,Curug Cigentis,32.15,32.15.28,32.15.28.2003,"Curug Cigentis salah satu curug atau air terjun yang ada di Karawang dengan memiliki tinggi sekitar 25 meter, lokasinya berada di bawah kaki Gunung Sanggabuana.",20000/orang,"4,4",https://maps.app.goo.gl/dZ8fgEVcQdPmF65q6
WS00017,Wisata Air,Taruma Leisure Waterpark,32.15,32.15.03,32.15.03.2012,"Taruma Leisure Waterpark menempati lahan kira-kira seluas 2,5 hektar, dan digadang-gadang dapat menampung sekitar 6.000 pengunjung. Serta merupakan salah satu kolam renang terbesar yang ada di Karawang.",60000/orang,"4,3",https://maps.app.goo.gl/L8nsKmQBTU9ZNFVt9
WS00018,Wisata Alam,Wana Wisata Puncak Sempur,32.15,32.15.28,32.15.28.2004,"Wana Wisata Puncak Sempur berada di ketinggian sekitar 620 mpdl, dengan menyajikan pemandangan alam yang begitu asri dan sejuk. Sejauh mata memandang kamu akan meilihat bukit-bukit dan hutan-hutan yang masih terjaga.",10000/orang,"4,8",https://maps.app.goo.gl/BbdEBGYC1wKTUfRD6
WS00019,Wisata Edukasi,Kampung Turis,32.15,32.15.28,32.15.28.2003,"Kampung Turis Karawang mengusung konsep Natural Vintage Tradisional Thematic. Dan perlu diketahui bahwa vintage memiliki arti perpaduan antara unsur barang lama, atau klasik, dengan konsep yang kekinian, atau modern.",Gratis,"4,2",https://maps.app.goo.gl/P4Bi3i3Qek4wuWFr8
WS00020,Wisata Air,Taman Hud-Hud,32.15,32.15.06,32.15.06.2005,"Taman Hud-Hud sangat recomemmended sebagai destinasi wisata keluarga, dengan memiliki kawasan wisata yang sangat nyaman, adem, dan juga bersih. Daya tarik yang dimiliki Taman Hud-Hud ialah kolam renangnya yang memiliki citarasa ala resort dan dikategorikan menjadi 3 kolam berdasarkan kedalamannya.",50000/orang,"4,5",https://maps.app.goo.gl/MEfa73WhvkVbn6S6A
WS00021,Wisata Alam,Pantai Samudera Baru,32.15,32.15.10,32.15.10.2005,"Mengeskplor keindahan Pantai Samudera Baru memang tidak pernah ada habisnya. Mulai dari keindahan dan keasrian hutan, hingga hamparan samudera yang mempesona.",10000/orang,"4,2",https://maps.app.goo.gl/F4uTUXqCDY66LbFP7
WS00022,Wisata Alam,Marigold Garden,32.15,32.15.29,32.15.29.2005,"Sebuah taman yang luas berisi 13 ribu kincir angin berukuran mini dengan warna warni yang mencolok siap memanjakan mata siapa saja. Terdapat pula taman bunga tulip, di mana seluruh area berisi ratusan bunga tulip khas Belanda.",Gratis,"4,4",https://maps.app.goo.gl/BbaTaYQYBt3JYm2P9
WS00023,Wisata Alam,Pantai Tanjung Pakis,32.15,32.15.12,32.15.12.2008,"Pantai Tanjung Pakis mempunyai spot dermaga yang sangat bagus, cocok untuk mengabadikan momen-momen kebersamaanmu bersama keluarga. Berfoto di dermaga membuat hasil fotomu lebih instagramable dengan latar belakang foto yang unik.",10000/orang,4,https://maps.app.goo.gl/SpbHQVZZfWtmn16U6
WS00024,Wisata Alam,Bukit Kembar Puncak Pinus,32.15,32.15.28,32.15.28.2005,"zDi bukit kembar terdapat spot spot alam yang beragam, mulai dari tulisan â€˜I LOVE YOUâ€™ yang berada di ketinggian, icon icon unik diatas bukit, dan papan duduk gantung di antara pepohonan dan ujung bukit, tenda di dekat pepohonan dengan pemandangan gunung dibawahnya dihiasi ornament unik dan lucu.",10000/orang,"4,2",https://maps.app.goo.gl/pRWEaVMwdJUyisFT6
WS00025,Wisata Alam,Pantai Karanghawu,32.02,32.02.03,32.02.03.2001,"Pantai Karanghawu menjadi salah satu tujuan wisata favorit masyarakat. Pantai ini semakin indah dengan beberapa titik foto. Salah satunya adalah prasasti besar ""Pantai Karanghawu"" yang menjadi landmark destinasi wisata ini. Terkenal dengan ombak yang besar, maka tidak disarankan untuk berenang di pantai ini. Namun, beberapa peselancar seringkali memanfaatkan ombak pantai untuk berselancar.",5000-10000,"4,4",https://maps.app.goo.gl/ffThYo9nsB2tczhK8
WS00026,Wisata Alam,Pantai Sayang Heulang,32.05,32.05.27,32.05.27.2002,"Pemandangan pantai Sayang Heulang sangat indah karena wisatawan bisa melihat hamparan pantai yang terhubung langsung dengan Samudera Hindia. Selain itu, wisatawan juga bisa duduk di batu karang sambil berfoto di beberapa lokasi yang sangat Instagrammable.",10000/orang,"4,4",https://maps.app.goo.gl/UtMSG8YYtsHwGrXN6
WS00027,Pantai,Pantai Cimanuk,32.06,32.06.03,32.06.03.2002,"Pantai Cimanuk tidak direkomendasikan untuk berenang. Tapi, kamu bisa menikmati pesona pantai dengan duduk-duduk atau berkeliling menyusuri pantai, sembari melihat hamparan alam Pantai Cimanuk sangat indah. Bersantai sembari melihat keindahan sunset di ujung laut, membuat suasana semakin syahdu.",30000/orang,"4,3",https://maps.app.goo.gl/kn4XRWYkqYJnow2ZA
WS00028,Wisata Alam,Pantai Glayem,32.12,32.12.11,32.12.11.2005,"Ombak Pantai Glayem cukup tenang, sehingga wisatawan bisa berenang disini meskipun tidak boleh terlalu jauh. Berburu foto cantik juga bisa dilakukan di Pantai Glayem, seperti menunggu matahari terbit atau terbenam. Dengan perahu nelayan yang masih singgah atau batu pemecah ombak juga akan menjadikan foto semakin cantik.",5000/orang,"3,9",https://maps.app.goo.gl/MmmzzKUCf2hndnfe6
WS00029,Wisata Alam,Pantai Batu Hiu,32.18,32.18.01,32.18.01.2003,"Kurang lebih 15 kilometer dari Pantai Batu Hiu, terdapat penangkaran penyu hijau yang sudah sangat terkenal. Para pengunjung dapat melihat berbagai jenis penyu, mempelajari cara berkembangnya, serta diperbolehkan untuk memberi makan dan memegang penyu tersebut.",9000,"4,5",https://maps.app.goo.gl/NWoQ26uxzZcCQSmW7
WS00030,Wisata Alam,Gunung Papandayan,32.05,32.05.20,32.05.20.2010,"Gunung Papandayan jadi salah satu tempat yang wajib dikunjungi bagi pecinta alam. Memiliki ketinggian 2.665 MDPL, gunung ini terletak di Kecamatan Cisurupan, Kabupaten Garut. Terkenal sebagai gunung dengan surga Edelweis, pendaki gunung bisa menggunakan dua jalur untuk mencapai puncak gunung",20000-300000,"4,6",https://maps.app.goo.gl/gWWHrSwRQbSo5niW6
WS00031,Wisata Alam,Gunung Galunggung,32.06,32.06.31,32.06.31.2001,"Galunggung merupakan salah satu destinasi wisata yang paling diminati. Hal ini karena letaknya yang tidak jauh dari pusat kota Tasikmalaya dan memiliki berbagai fasilitas. Dari atas gunung, kamu bisa melihat indahnya bumi Pasundan. Ada banyak atraksi seperti air terjun, kolam air panas,dan spot foto dengan pemandangan yang menakjubkan. Wisatawan tidak perlu khawatir untuk mencapai puncak, karena pengelola telah membangun ratusan anak tangga.",15000-25000,"4,5",https://maps.app.goo.gl/9jVvcTtjtMVoMEAe7
WS00032,Wisata Alam,Gunung Pancar (Sentul),32.72,32.72.01,32.72.01.1004,"Lokasi ini lebih familiar dengan sebutan Sentul karena lokasi gunung bisa ditempuh melalui Sentul City. Ketinggiannya 300-800 MDPL, sehingga gunung ini punya hawa yang cukup dingin ditambah dengan teduhnya pohon-pohon pinus.",5000-200000,4,https://maps.app.goo.gl/7gdV3SHFGmzmBnpT9
WS00033,Wisata Alam,Gunung Ciremai,32.08,32.08.13,32.08.13.2008,"Gunung ini merupakan gunung tertinggi di Jawa Barat, dan memiliki kawah ganda. Kawah barat yang beradius 400 m terpotong oleh kawah timur yang beradius 600 m. Pada ketinggian sekitar 2.900 MDPL di lereng selatan, terdapat bekas titik letusan yang dinamakan Gowa Walet.",5000-225000,"4,6",https://maps.app.goo.gl/DAnNYTRiJSCiV93v7
WS00034,Wisata Alam,Cirebon Waterland Ade Irma Suryani,32.74,32.74.02,32.74.02.1002,"Taman Ade Irma Suryani ternyata sudah ada sejak dahulu kala. Namun sebelum tahun 1966, nama taman wisata ini dikenal dengan Taman Traffic Garden Cirebon. Taman ini merupakan taman rekreasi satu-satunya yang ada di wilayah Cirebon. Mulai tahun 2014, Ade Irma Suryani Waterland dikembangkan menjadi Cirebon Waterland yang baru selesai dan dibuka kembali pada Tahun 2015 yang lalu. Tempat wisata ini berada di tepi pantai utara Kota Cirebon, Jawa Barat dengan pemandangan indah lautnya.",40000,"4,1 ",https://maps.app.goo.gl/L8VhsQgKEdRfC9ns5
WS00035,Wisata Edukasi,Kampung Batik Trusmi,32.09,32.09.19,32.09.19.2001,"Kampung Batik Trusmi adalah pusat industri batik di Cirebon sekaligus sebagai tempat wisata kuliner. Kampung ini terletak di Plered, Cirebon, sekitar empat kilometer di sebelah barat Kota Cirebon. Pengrajin batik di desa Trusmi dan sekitarnya, seperti desa Gamel, Kaliwulu, Wotgali, dan Kalitengah, berjumlah lebih dari 3000 tenaga kerja.",Gratis,"4,6",https://maps.app.goo.gl/D4yMsfDzpq6t57GB7
WS00036,Wisata Keagamaan,Masjid Agung Sang Cipta Rasa,32.74,32.74.02,32.74.02.1003,"Masjid Agung Cirebon adalah sebuah masjid yang terletak di dalam kompleks Keraton Kasepuhan, Kota Cirebon, Jawa Barat. Konon, masjid ini adalah masjid tertua di Cirebon, yaitu dibangun sekitar tahun 1480 Masehi atau semasa dengan Wali Songo menyebarkan agama Islam di tanah Jawa. Nama masjid ini diambil dari kata sang"" yang bermakna keagungan, ""cipta"" yang berarti dibangun, dan ""rasa"" yang berarti digunakan. ",Gratis,"4,7", https://maps.app.goo.gl/zTdjLFoaAXhRyNUHA
WS00037,Wisata Sejarah,Keraton Kanoman,32.74,32.74.02,32.74.02.1002,"Keraton Kanoman adalah salah satu dari dua bangunan kesultanan Cirebon, setelah berdiri keraton Kanoman pada tahun 1678 M kesultanan Cirebon terdiri dari keraton Kasepuhan dan keraton Kanoman. Kebesaran Islam di Jawa bagian barat tidak lepas dari Cirebon. Sunan Gunung Jati adalah orang yang bertanggung jawab menyebarkan agama Islam di Jawa Barat, sehingga berbicara tentang Cirebon tidak akan lepas dari sosok Syarif Hidayatullah atau Sunan Gunung Jati.",0-10000,"4,5",https://maps.app.goo.gl/y5b7JFRv7qXkfFQQ7
WS00038,Wisata Sejarah,Keraton Kecirebonan,32.74,32.74.02,32.74.02.1003,"Keraton Kecirebonan adalah sebuah bangunan tempat tinggal sultan Kacirebonan dan keluarganya yang berada di daerah Pulasaren (sekarang jalan Pulasaren, kecamatan Pekalipan, kota Cirebon). Keraton Kacirebonan dibangun pada sekitar tahun 1800-an. Bangunan kolonial ini banyak menyimpan benda-benda peninggalan sejarah seperti Keris, Wayang, perlengkapan Perang, Gamelan dan lain-lain.",10000,"4,6",https://maps.app.goo.gl/VWEVyWqXbHKyRGCU9
WS00039,Wisata Sejarah,Keraton Keprabonan,32.74,32.74.02,32.74.02.1002,Kaprabonan adalah Peguron (tempat pembelajaran) yang didirikan oleh putera mahkota kesultanan Kanoman yaitu Pangeran Raja Adipati (PRA) Kaprabon pada tahun 1699,10000-20000/orang,"4,4",https://maps.app.goo.gl/JhdPiK1dLdG3DHeG8
WS00040,Wisata Alam,Pantai Kejawanan,32.74,32.74.02,32.74.02.1001,"Pantai Kejawanan merupakan satu-satunya pantai di Kota Cirebon yang dapat diakses oleh masyarakat umum.[3] Sebelum tahun 2000, Pantai Kejawanan hanya dimanfaatkan sebagai pelabuhan dan tempat pelelangan ikan oleh para nelayan Kota Cirebon. Namun pada tahun 2000, Pantai Kejawanan mulai dijadikan pula sebagai objek wisata pantai dan terapi penyakit dengan berendam di air laut.[1]",5500,4,https://maps.app.goo.gl/45aPvmb5RzP8wp599
WS00041,Wisata Alam,Hutan Kera Plangon,32.09,32.09.15,32.09.15.1012,"Sejarah Wisata Kera Plangon berawal dari kawasan Plangon yang merupakan hutan belantara, dimana banyak sekali monyet-monyet yang berkeliaran. Khususnya di sekitar makam kedua pangeran yang bernama Pangeran Panjunan dan Pangeran Kejaksan, jumlahnya pun tak pernah berubah yakni selalu 99 ekor. Konon katanya Pangeran Kejaksan memiliki hewan peliharaan berupa monyet, dan tetap setia menemani sang majikan meski sudah meninggal. Hingga akhirnya jumlahnya banyak seperti sekarang ini. Berdasarkan juru kunci Plangon, sedikitnya ada 6 kerajaan monyet dimana masing-masing kerajaan ini dipimpin oleh jawara monyet.",3000,"4,3",https://maps.app.goo.gl/Qb5G1PKyqU8eLrnA7
WS00042,Wisata Alam,Taman Sari Goa Sunyaragi,32.74,32.74.05,32.74.05.1002,"Gua Sunyaragi atau Taman Sari Guwa Sunyaragi adalah sebuah gua buatan yang berlokasi di kelurahan Sunyaragi, Kesambi, Kota Cirebon dimana terdapat bangunan mirip candi yang disebut Gua Sunyaragi, atau Taman Air Sunyaragi, atau sering disebut sebagai Tamansari Sunyaragi. Nama ""Sunyaragi"" berasal dari kata ""sunya"" yang artinya sepi dan ""ragi"" yang berarti raga, keduanya adalah bahasa Sanskerta. Tujuan utama didirikannya gua tersebut adalah sebagai tempat beristirahat dan meditasi para Sultan Cirebon dan keluarganya.",10000-15000,"4,4",https://maps.app.goo.gl/6QAXdbx8TbADp1pd6
WS00043,Wisata Air,Transera Waterpark,32.16,32.16.01,32.16.01.2002,"Transera Waterpark adalah salah satu destinasi wisata air yang populer di Bekasi, Jawa Barat. Terletak di dalam kompleks Transera Waterpark dan Resort, tempat ini menawarkan berbagai wahana air seru dan fasilitas rekreasi yang cocok untuk keluarga dan teman-teman. Pengunjung dapat menikmati berbagai permainan air seperti kolam renang dengan berbagai tingkat kedalaman, seluncuran air, dan area bermain air untuk anak-anak. Selain itu, Transera Waterpark juga dilengkapi dengan area hijau yang luas, tempat bersantai, serta fasilitas pendukung lainnya seperti kafe dan tempat makan.",40000-145000,"4,3",https://maps.app.goo.gl/grLM9gsAsNw22awf9
WS00044,Wisata Edukasi,Taman Buaya Bekasi,32.16,32.16.21,32.16.21.2001,Taman ini adalah tempat yang menarik untuk mengamati dan mempelajari tentang buaya. Pengunjung dapat melihat berbagai spesies buaya yang tinggal di taman ini dan bahkan memiliki kesempatan untuk memberi makan buaya secara langsung dengan pengawasan yang ketat.,6000-20000,"4,1",https://maps.app.goo.gl/Je4zidaZe2wHkTh17
WS00045,Wisata Alam,Kawung Tilu,32.16,32.16.11,32.16.11.2002,"Salah satu tempat wisata alam di Kabupaten Bekasi yang mengusung konsep kekinian adalah Kawung Tilu Bojong Rangkas yang berada di Desa Cipayung, Kecamatan Cikarang Timur, Kabupaten Bekasi, Jawa Barat. Meskipun terbilang baru, namun taman wisata yang kelola olah para pemuda Cibeet ini cukup hits di kalangan wisatawan. Dengan ide dan kreatifitasnya, pihak pengelola mengembangkan kawasan ini menjadi taman wisata dengan deretan pohon pinus yang begitu menyejukkan mata. Berbagai macam dekorasi dan hiasan pun dipersiapkan dengan penataan yang cukup apik sehingga terlihat instgrammable untuk keperluan foto-foto.",10000-20000/orang,"4,3",https://maps.app.goo.gl/d7aoQZjpawiaWCdr8
WS00046,Wisata Alam,Pantai Muara Gembong,32.16,32.16.02,32.16.02.1006,"Destinasi wisata pantai ini dapat dijadikan alternatif wisata pantai di Kabupaten Bekasi, selain indah tempat ini juga biasa dijadikan untuk menikmati senja disore hari. Destinasi wisata pantai ini dapat dijadikan alternatif wisata pantai di Kabupaten Bekasi, selain indah tempat ini juga biasa dijadikan untuk menikmati senja disore hari.",20000/orang,"4,2",https://maps.app.goo.gl/ToEWyXPRKVSmyWUo6
WS00047,Wisata Edukasi,Taman Sehati,32.16,32.16.11,32.16.11.1007,"Taman Sehati merupakan wisata yang saat ini paling banyak peminatnya, suasana yang ramah anak dan keluarga ini dekat dekat kompleks stadion Gelora Wibawa Mukti, tempat ini memiliki banyak sekali wahana permainan sehingga anak-anak sangat bahagia jika diajak bermain kesini, selain itu banyak juga jajanan yang bisa dinikmati jadi kita tak usah khawatir akan kelaparan",Gratis,"4,3",https://maps.app.goo.gl/4tG7SYJftgAPLaP97
WS00048,Wisata Edukasi,Museum Juang,32.16,32.16.06,32.16.06.2007,Museum ini merupakan Museum Bekasi pertama yang menyusung konsep teknologi digital dan modern. Pemerintah melakukan penataan kembali Gedung Juang sebenarnya tidak ada alasan yang spesifik. Hanya saja karena Gedung Juang mengandung banyak sejarah ini akan menjadi salah satu ikon kebanggaan warga Bekasi sekaligus untuk mengenang sejarah perjuangan warga Bekasi dalam memperjuangkan kemerdekaan Indonesia.,Gratis,"4,7",https://maps.app.goo.gl/9umr5jfT89EcU9tHA
WS00049,Wisata Air,Go! Wet Waterpark,32.16,32.16.06,32.16.06.2003,"Salah satu tempat rekreasi yang iconic di Kabupaten Bekasi dan selalu ramai pengunjung untuk berlibur adalah Go! Wet Waterpark. Berlokasi di Grand Wisata Bekasi merupakan sebuah tempat wisata air dengan banyaknya seluncuran yang memacu adrenalin. Tidak hanya wahana yang extreme, waterpark seluas 7,5 hektar ini memiliki gaya arsitektur yang lain dari waterpark lainnya dan menciptakan atmosfer kemewahan dan kenyamanan bagi siapapun penikmatnya.",80000-250000,"4,4",https://maps.app.goo.gl/ckPrGwDe4zqWREG26
WS00050,Wisata Alam,Situ Cibeureum,32.16,32.16.06,32.16.06.2003,"Objek wisata Situ Cibeureum sangat potensial untuk dikunjungi, wisatawan bisa datang kapan saja. Waktu yang paling tepat adalah dipagi hari karena udara masih sangat sejuk serta sore hari karena pemandangan matahari terbenam yang terlihat begitu indah.",Gratis,"4,3",https://maps.app.goo.gl/N6SLFjPa3mbDPS8MA
WS00051,Wisata Alam,Buper Karang Kitri,32.16,32.16.23,32.16.23.2001,Karang Kitri termasuk daerah dataran paling tinggi di Bekasi dari suasana dan luas lahan tempat ini memang cocok untuk lokasi kegiatan berkemah termasuk lahan menarik untuk melakukan aktivitas alam yang lain karena pemandangan disekeliling tempat ini cukup menawan dan pesona nya yang alami. Selain itu pengunjung bisa menemukan pendopo yang bisa digunakan untuk beragam kegiatan.,5000-10000,"4,7",https://maps.app.goo.gl/vh39uXb3bXFZwBid6
WS00052,Wisata Alam,Situ Abidin,32.16,32.16.23,32.16.23.2001,"Situ Abidin bisa di tempuh hanya 40 menit dari Perkantoran Pemda Kabupaten Bekasi. Jalan raya di Desa pun tidak terlalu besar dan sedikit terjal karena adanya jalanan mendaki, juga masih ada beberapa jalan yang rusak ataupun berlubang. Namun saat itu semua akan terbayarkan dengan pemandangan yang sangat memanjakan mata.",Gratis,"4,4",https://maps.app.goo.gl/zxHRUfLxsuqDzJ1H9
WS00053,Wisata Alam,Situ Rawa Gede,32.75,32.75.05,32.75.05.1004,Kawasan Danau Situ Gede ini awalnya merupakan sebuah tempat resapan air serta pembuangan air dengan warna air yang keruh karena limbah. Bahkan kawasan ini sebelumnya terkenal dengan tempat yang kumuh dan tidak terawat. Hingga akhirnya pemerintah merelokasi tempat ini dan dijadikan sebagai objek wisata yang sangat menarik.,0-15000,"4,6",https://maps.app.goo.gl/wLsoJWJgQh5YJ8UEA
WS00054,Wisata Air,Curug Pelangi,32.17,32.17.03,32.17.03.2006,Curug Cimahi menyuguhkan keindahan air terjun setinggi 87 meter yang dikelilingi oleh pepohonan hijau di kanan dan kirinya. Anda dapat melakukan aktifitas berfoto dengan latar belakang air terjun atau sekedar menikmati suasana sejuk di bawahnya. Di Curug Cimahi juga ada atraksi rainbow waterfall yang berupa cahaya warna-warni pada malam hari.,15000-20000/orang,"4,6",https://maps.app.goo.gl/U4PXyibG8j9bnZc29
WS00055,Wisata Alam,Grafika Cikole,32.17,32.17.01,32.17.01.2006,"Grafika Cikole adalah tempat wisata yang cocok untuk Anda dan keluarga yang suka tantangan dan petualangan. Tempat ini menawarkan berbagai wahana aktivitas seru seperti flying fox, paintball, outbound, dan camping. Anda juga dapat menginap bersama keluarga, teman, ataupun pasangan di pondok-pondok kayu yang unik.",20000/orang,"4,4",https://maps.app.goo.gl/PBetPetfA6aihitg7
WS00056,Wisata Edukasi,Farmhouse Lembang,32.17,32.17.01,32.17.01.2007,"Tempat wisata Farmhouse Lembang memberikan suasana bangunan-bangunan ala Eropa dengan hamparan bunga warna-warni yang indah. Anda dapat berfoto dengan latar belakang rumah hobbit, kastil, atau rumah kayu, sangat cocok untuk diposting di Instagram Anda. Di sini juga dapat menyewa kostum tradisional khas Eropa.",25000/orang,"4,4",https://maps.app.goo.gl/krwnLJdsRc1YPtWg9
WS00057,Wisata Alam,Dusun Bambu,32.17,32.17.03,32.17.03.2003,Dusun Bambu adalah tempat wisata dengan nuansa alam yang asri dan sejuk dipenuhi dengan berbagai ornament bambu disekitar. Anda juga bisa bersantai di lesehan bambu sambil menikmati kuliner khas Sunda yang sangat menggugah selera. Tempat ini cocok untuk Anda yang ingin berwisata bersama keluarga atau grup kantor.,15000/orang,Belum Ada Penilaian,https://maps.app.goo.gl/5BChNUiM5eb7b3PK9
WS00058,Wisata Alam,Gunung Halimun,32.02,32.02.17,32.02.17.2004,"Gunung Halimun atau termasuk dalam wilayah Taman Nasional Gunung Halimun Salak, memiliki beberapa potensi obyek wisata alam, sejarah, dan aktivitas budaya masyarakat lokal. Nama Halimun berasal dari bahasa Sunda yang berarti kabut"".",5000-15000,"4,6",https://maps.app.goo.gl/F9VeLEfFMHd4HeTJ7
WS00059,Wisata Alam,Taman Wiladatika,32.76,32.76.02,32.76.02.1007,"Taman Wisata Wiladatika adalah sebuah tempat wisata yang berlokasi di Cimanggis, Depok. Disini terdapat Pusat Pendidikan dan Pelatihan Pramuka Nasional (Pusdiklatmas), Balai Pembinaan Pendidikan Pelaksanaan Pedoman Penghayatan dan Pengamalan Pancasila (P4), aula resepsi yang biasa digunakan untuk acara resepsi pernikahan dan halaman hijau yang biasa digunakan para pengunjung untuk piknik bersama keluarga.",10000-20000,"4,4",https://maps.app.goo.gl/7fenpHSTJRqkxLHN9
WS00060,Wisata Edukasi,Godong Ijo,32.76,32.76.11,32.76.11.1003,"Destinasi wisata Godong Ijo Depok adalah sebuah taman rekreasi yang terletak di Depok, Jawa Barat, Indonesia. Taman ini menawarkan pengalaman yang menyenangkan bagi pengunjung dengan suasana alam yang hijau dan asri. Pengunjung dapat menikmati berbagai fasilitas seperti taman bermain anak-anak, area piknik, dan spot-spot foto yang menarik di sekitar taman. Selain itu, Godong Ijo juga sering mengadakan berbagai acara dan aktivitas seperti konser musik, pameran seni, dan festival kuliner untuk menambah keseruan kunjungan. Dengan suasana yang tenang dan segar, destinasi ini cocok untuk bersantai bersama keluarga atau teman-teman di tengah hiruk pikuk kota Depok.",Gratis,"4,3",https://maps.app.goo.gl/tsQPh4nQCYnFQyH49
WS00061,Wisata Edukasi,D'Kandang Amazing Farm,32.76,32.76.03,32.76.03.1001,"Destinasi wisata D'Kandang Amazing Farm Depok adalah sebuah peternakan dan taman rekreasi yang terletak di Depok, Jawa Barat, Indonesia. Tempat ini menawarkan pengalaman unik bagi pengunjung dengan memungkinkan mereka untuk berinteraksi langsung dengan berbagai hewan ternak seperti kambing, domba, kelinci, dan burung.",20000-40000,"4,3",https://maps.app.goo.gl/gHfwW2Vh3VqcrRad8
WS00062,Wisata Edukasi,Taman Lembah Gurame,32.76,32.76.01,32.76.01.1007,"Lembah Gurame Depok adalah sebuah destinasi wisata yang terletak di Depok, Jawa Barat, Indonesia. Tempat ini terkenal karena menawarkan pengalaman kuliner yang unik dengan konsep makan ikan gurame bakar di tepi danau. Pengunjung dapat menikmati hidangan gurame yang segar sambil menikmati pemandangan alam yang indah di sekitar danau. Selain itu, Lembah Gurame juga menawarkan berbagai fasilitas seperti area bermain anak-anak, spot-spot foto yang menarik, dan area duduk santai untuk bersantai. Destinasi ini cocok untuk keluarga dan teman-teman yang ingin menikmati makanan lezat sambil menikmati suasana alam yang tenang dan menyegarkan.",Gratis,"4,4",https://maps.app.goo.gl/9gHDum78zYauDWaS8
WS00063,Wisata Edukasi,Taman Kartini,32.77,32.77.02,32.77.02.1001,"Taman Kartini Cimahi adalah taman kota yang terletak di Kota Cimahi, Jawa Barat, dan sudah ada sejak jaman penjajahan Belanda di Indonesia.",Gratis,"4,3",https://maps.app.goo.gl/kiUckTaRhu1fXQkc7
WS00064,Wisata Edukasi,Taman Alun-Alun Kota Cimahi,32.77,32.77.02,32.77.02.1006,"Taman kota yang rindang di dekat Masjid Agung, dengan taman bermain, kedai makanan, dan acara akhir pekan.",Gratis,"4,4",https://maps.app.goo.gl/isPPMaumJ8MR135W9
WS00065,Wisata Edukasi,Kampung Buyut Cipageran,32.77,32.77.03,32.77.03.1004,"Kampung Buyut Cipageran adalah salah satu destinasi wisata alam dan budaya yang terletak di Kota Cimahi, Jawa Barat. Kampung ini terletak di kaki Gunung Manglayang, sehingga udara di sekitar kampung sangat sejuk dan segar.",Gratis,"4,4",https://maps.app.goo.gl/B1MqGAY2hdabkvMa9
WS00066,Wisata Air,Teejay Waterpark,32.78,32.78.01,32.78.01.1006,"Taman rekreasi air untuk keluarga dengan kolam renang, seluncuran air penuh warna & tempat makan santai.",30000-40000,"4,4",https://maps.app.goo.gl/fRHPR5qXB16oDmD29
WS00067,Wisata Air,Waterboom Ma'arif Garden,32.78,32.78.09,32.78.09.1002,"Waterboom Maarif Garden hadir sebagai lokasi untuk berenang atau bermain air yang cocok untuk segala usia, mulai dari balita hingga usia senja. Meski harus bersaing dengan beberapa wahana air modern lainnya, Waterboom Maarif Garden tetap memiliki tempat di hati para pengunjung setia. Sebagai sebuah wahana air modern, Waterboom Maarif Garden termasuk tempat wisata di Tasikmalaya yang murah dan sangat terjangkau. Tapi nggak kalah seru dan menyenangkan dibanding dengan beberapa wahana air modern lainnya.",13000,"4,4",https://maps.app.goo.gl/SPAHECzvLZnFGfyv6
WS00068,Wisata Edukasi,Alun-Alun Kota Banjar,32.79,32.79.01,32.79.01.1001,Alun-alun Kota Banjar berada di Jalan Banjar-Pangandaran. Diman Alun-alun ini seringkali digunakan masyarakat sekitar untuk bersantai-santai dan bahkan ketika di akhir pekan. Orang-orang banyak yang membawa sanak keluarganya untuk menghabiskan waktu akhir pekan di alun-alun tersebut.,Gratis,"4,4",https://maps.app.goo.gl/pgmnL6ppJoXMUV776
WS00069,Wisata Edukasi,Situ Mustika,32.79,32.79.03,32.79.03.1004,"Situ Mustika disebut juga dengan nama Wana Wisata Situ Mustika, atau Mustika Taman Anggrek, adalah wisata alam yang edukatif, instagramable, yang terletak di dekat pusat Kota Banjar. Situ Mustika pengelolaannya di bawah Perum Perhutani, dan sempat mengalami pasang surut pengelolaan, dan kunjungan. Tetapi, saat ini Situ Mustika terus berbenah sehingga menjadi destinasi wisata yang sangat nyaman di Banjar Patroman.",10000,"4,8",https://maps.app.goo.gl/xwuVXFpG7Qw3ekj86
WS00070,Wisata Edukasi,Situ Leutik,32.79,32.79.01,32.79.01.2004,"Situ Leutik sendiri merupakan komplek wisata air berupa danau alami yang dikitari kerimbunan pohon-pohon sepanjang tepi danaunya itu sendiri. Airnya yang jernih cukup memanjakan mata para pengunjungnya. Selain tempatnya yang nyaman dan asri, di sepanjang tepi danau disediakan lintasan untuk jogging, sepeda, dan sekadar jalan santai.",Gratis,"4,2",https://maps.app.goo.gl/dskXjXJVv1VsvVL6A
WS00071,Wisata Edukasi,Ecopark Kota Banjar,32.79,32.79.02,32.79.02.1001,"Berlokasi di tengah kota dan sangat mudah dijangkau membuat Taman Ecopark banyak dikunjungi. Selain letaknya yang strategis, terdapat beberapa spot yang menjadi incaran pengunjung untuk berswafoto ataupun hanya untuk bersantai menikmati pemandangan aliran Sungai Citanduy. Tak hanya menarik karena letaknya berada di tepian Sungai Citanduy, taman ini juga menyediakan spot permainan anak yang dapat meningkatkan kemampuan motorik anak seperti spot labirin, ayunan, dan jungkat-jungkit. Apalagi bagi anda yang gemar berolahraga, di tempat ini disediakan sarana olahraga seperti joging track dan mini gym.",Gratis,"4,5",https://maps.app.goo.gl/XpYoA3mbGcYP7Lg48
WS00072,Wisata Edukasi,Obyek Wisata Lembah Pajamben,32.79,32.79.02,32.79.02.2005,"Lembah Pajamben menyajikan pemandangan alam yang begitu indah serta menyajikan pemandangan dari atas bukit yang begitu memukau. Untuk tempat wisata yang satu ini, lokasi nya berada kurang lebih 4.5 km dari pusat Kota Banjar, tepatnya di Desa Binangun, Kecamatan Pataruman.",Gratis,"4,1",https://maps.app.goo.gl/76KZwKEnLgAxddsR8
WS00073,Wisata Air,Talaga Remis,32.08,32.08.19,32.08.19.2002,Talaga Remis merupakan sebuah danau yang terletak di kaki gunung Ciremai,10000,"4,1",https://maps.app.goo.gl/mRbw6a3DCgyDLTuSA
WS00074,Wisata Alam,Taman Linggajati,32.08,32.08.13,32.08.13.2009,Taman Wisata Alam Linggarjati adalah salah satu objek wisata alam di Kabupaten Kuningan. Linggarjati adalah salah satu tempat titik awal pendakian ke Gunung Ciremai.,10000/orang,"4,1",https://maps.app.goo.gl/rgEQFeTWmfpJxD3X6
WS00075,Wisata Air,Waduk Darma,32.08,32.08.17,32.08.17.2011,"sebuah waduk yang dibangun di Darma, Kuningan untuk menampung air Sungai Cisanggarung. Waduk ini dikelilingi oleh bukit dan lembah, serta pemandangan yang indah dengan udara yang sejuk.",17500/dewasa,"4,5",https://maps.app.goo.gl/fZ1zkTDeV7Unf1bN7
WS00076,Wisata Air,Sangkanhurip,32.08,32.08.32,32.08.32.2005,Sangkanhurip menawarkan sensasi air panas alami yang kaya akan sulfur berasal dari gunung Ceremai. Air panas Sangkanhurip bermanfaat untuk relaksasi tubuh dan menyembuhkan berbagi macam penyakit kulit. Fasilitas yang tersedia adalah kolam renang dan bilik-bilik pemandian pribadi,7000-10000/orang,Belum Ada Penilaian,https://maps.app.goo.gl/MTx6XubZb5A4Uhyr8
WS00077,Wisata Air,Curug Sidomba,32.08,32.08.12,32.08.12.2006,"Curug Sidomba termasuk salah satu air terjun unik, simpel, dan cocok dinikmati untuk liburan bersama keluarga atau teman",10000-12000/orang,"4,1",https://maps.app.goo.gl/x9r8DFuEexx7Yixy5
WS00078,Wisata Alam,Palutungan,32.08,32.08.18,32.08.18.2009,Palutungan & Curug Putri merupakan sebuah kawasan hutan dan air terjun yang terletak di kaki gunung Ceremai,15000-17500,Belum Ada Penilaian,https://maps.app.goo.gl/m9G27C53NLkU9Hbp6
WS00079,Wisata Air,Bendungan kuningan,32.08,32.08.28,32.08.28.2005,"waduk yang terletak di Kabupaten Kuningan, Jawa Barat, Indonesia. Waduk ini dibangun dengan membendung Sungai Cikaro di Desa Randusari, Kecamatan Cibeureum",10000-15000/orang,"4,5",https://maps.app.goo.gl/TetFiGhdLfrYXLzbA
WS00080,Wisata Sejarah,Situs purbakala cipari,32.08,32.08.18,32.08.18.1001,"situs peninggalan megalitik di Kabupaten Kuningan. Situs ini diduga sebagai sebuah situs desa permukiman purbakala dengan karakateristik peninggalan bangunan megalitik, seperti kubur batu dan menhir",5000/orang,"4,4",https://maps.app.goo.gl/j6XAHPpPpNDYRuQe7
WS00081,Wisata Edukasi,Taman Safari Indonesia,32.01,32.01.25,32.01.25.2003,"Taman Safari ini berfungsi menjadi penyangga Taman Nasional Gunung Gede Pangrango di ketinggian 900â€“1800 m di atas permukaan laut, serta mempunyai suhu rata-rata 16 - 24 derajat Celsius. Pengunjung Taman Safari dapat berkeliling ke berbagai tempat untuk bisa melihat dari dekat semua jenis binatang dengan memakai mobil pribadi ataupun naik bus yang sudah disediakan pihak pengelola Taman Safari. Pengunjung juga bisa berinteraksi langsung dengan memberi makan hewan-hewan tersebut.",200000-450000,"4,9",https://maps.app.goo.gl/kNDT9xQpTZW11ZQ5A
WS00082,Wisata Sejarah,Batu Tapak Cidokom,32.01,32.01.11,32.01.11.2001,Batu Tapak Cidokom merupakan situs arkeologi yang menampilkan batu kuno berbekas telapak kaki di atasnya. Menurut cerita rakyat setempat batu ini merupakan bekas telapak Raden Gembang yang bertapa dengan cara berdiri selama satu tahun dengan tidak makan dan tidak tidur.,Gratis,"4,5",https://maps.app.goo.gl/2yXioLzpVQ76CHNw7
WS00083,Wisata Alam,Puncak,32.03,32.03.28,32.03.28.2003,"Wilayah Puncak berada di kaki dan lereng pegunungan Gede-Pangrango disebelah Selatan dan Pegunungan Jonggol disebelah Utara dan Barat. Wilayah Puncak berada pada ketinggian rata-rata 700-1.800 m di atas permukaan laut dengan suhu udaranya yang rata-rata mencapai 14-20 derajat Celcius. Selain itu, daerah Puncak juga dikelilingi oleh gunung lain, yaitu Gunung Kencana (1804 m), Gunung Baud Jonggol atau Puncak Jonggol Tanggeuhan (1884 m) disebelah utara Wilayah Puncak merupakan bagian dari rangkaian Pegunungan Jonggol dan Gunung Salak (2.221 m) yang berada diseberang barat Wilayah Puncak.",Gratis,"4,5",https://maps.app.goo.gl/GGZVBj4EkhY2B2C2A